{"frac_infected": {"0": 0.09992223950233281, "1": 0.04121306376360809, "2": 0.017107309486780714, "3": 0.007257646448937273, "4": 0.0032400207361327114, "5": 0.001425609123898393, "6": 0.0005184033177812338, "7": 0.00012960082944530845, "8": 0.0, "9": 0.0, "10": 0.0}}