{"frac_infected": {"0": 0.03849144634525661, "1": 0.04691550025920166, "2": 0.04613789528252981, "3": 0.06402280974598237, "4": 0.06376360808709176, "5": 0.0934421980300674, "6": 0.07141005702436495, "7": 0.0752980819077242, "8": 0.07141005702436495, "9": 0.04963711767755313, "10": 0.04937791601866252, "11": 0.06868843960601348, "12": 0.06168999481596682, "13": 0.05093312597200622, "14": 0.03589942975635044, "15": 0.0658372213582167, "16": 0.07335406946604459, "17": 0.07737169517884915, "18": 0.0552099533437014, "19": 0.04354587869362364, "20": 0.03434421980300674, "21": 0.03473302229134267, "22": 0.04432348367029549, "23": 0.05650596163815448, "24": 0.06557801969932607, "25": 0.06855883877656817, "26": 0.06531881804043546, "27": 0.06389320891653706, "28": 0.07024364955935718, "29": 0.07426127527216174, "30": 0.04821150855365474, "31": 0.046267496111975115, "32": 0.043286677034733025, "33": 0.041601866251944015, "34": 0.06376360808709176, "35": 0.08333333333333333, "36": 0.08074131674442717, "37": 0.0828149300155521, "38": 0.07439087610160705, "39": 0.05443234836702955, "40": 0.03654743390357698, "41": 0.029030585795749093, "42": 0.0491187143597719, "43": 0.08346293416277864, "44": 0.07853810264385692, "45": 0.08164852255054432, "46": 0.07387247278382582, "47": 0.054173146708138935, "48": 0.04043545878693624, "49": 0.042379471228615864, "50": 0.03136340072576464}}