{"frac_infected": {"0": 0.09992223950233281, "1": 0.07413167444271643, "2": 0.04821150855365474, "3": 0.035510627268014516, "4": 0.03693623639191291, "5": 0.05041472265422499, "6": 0.06868843960601348, "7": 0.08164852255054432, "8": 0.08838776568170036, "9": 0.09305339554173146, "10": 0.08566614826334888, "11": 0.09033177812337999, "12": 0.07866770347330222, "13": 0.06039398652151374, "14": 0.047174701918092275, "15": 0.041083462934162776, "16": 0.038880248833592534, "17": 0.04678589942975635, "18": 0.059875583203732506, "19": 0.06868843960601348, "20": 0.09875583203732503, "21": 0.09305339554173146, "22": 0.06972524624157594, "23": 0.06324520476931052, "24": 0.05404354587869362, "25": 0.05352514256091239, "26": 0.05287713841368585, "27": 0.05184033177812338, "28": 0.04730430274753759, "29": 0.08022291342664593, "30": 0.0782789009849663, "31": 0.06104199066874028, "32": 0.04782270606531882, "33": 0.04186106791083463, "34": 0.049896319336443756, "35": 0.07581648522550544, "36": 0.06557801969932607, "37": 0.0675220321410057, "38": 0.056765163297045104, "39": 0.04263867288750648, "40": 0.061560393986521515, "41": 0.07853810264385692, "42": 0.07231726283048212, "43": 0.0842405391394505, "44": 0.08009331259720062, "45": 0.09020217729393468, "46": 0.08644375324002074, "47": 0.0767236910316226, "48": 0.07905650596163816, "49": 0.06881804043545879, "50": 0.07750129600829446, "51": 0.09396060134784863, "52": 0.09188698807672369, "53": 0.08709175738724728, "54": 0.07115085536547434, "55": 0.06635562467599793, "56": 0.06765163297045101, "57": 0.06311560393986522, "58": 0.0552099533437014, "59": 0.061430793157076204, "60": 0.06337480559875583, "61": 0.04821150855365474, "62": 0.040694660445826855, "63": 0.04419388284085018, "64": 0.04393468118195956, "65": 0.046267496111975115, "66": 0.046397096941420427, "67": 0.09214618973561431, "68": 0.09655261793675479, "69": 0.104199066874028, "70": 0.093701399688958, "71": 0.09486780715396578, "72": 0.06998444790046657, "73": 0.06544841886988077, "74": 0.0581907724209435, "75": 0.05572835666148263, "76": 0.05041472265422499, "77": 0.07322446863659927, "78": 0.053265940902021774, "79": 0.054950751684810784, "80": 0.04224987039917055, "81": 0.047952306894764124, "82": 0.05857957490927942, "83": 0.05430274753758424, "84": 0.04030585795749093, "85": 0.038880248833592534, "86": 0.034603421461897356, "87": 0.052099533437014, "88": 0.058968377397615346, "89": 0.06220839813374806, "90": 0.06298600311041991, "91": 0.06894764126490409, "92": 0.06855883877656817, "93": 0.08255572835666149, "94": 0.0951270088128564, "95": 0.06881804043545879, "96": 0.05171073094867807, "97": 0.050673924313115605, "98": 0.045878693623639194, "99": 0.05767236910316226, "100": 0.04821150855365474}}