{"frac_infected": {"0": 0.0491187143597719, "1": 0.048859512700881284, "2": 0.047174701918092275, "3": 0.08968377397615344, "4": 0.08929497148781752, "5": 0.0889061689994816, "6": 0.07166925868325558, "7": 0.06791083462934162, "8": 0.05961638154484189, "9": 0.07957490927941939, "10": 0.07840850181441161, "11": 0.07490927941938828, "12": 0.0628564022809746, "13": 0.05689476412649041, "14": 0.05650596163815448, "15": 0.057931570762052874, "16": 0.055469155002592016, "17": 0.07141005702436495, "18": 0.0859253499222395, "19": 0.07724209434940384, "20": 0.08320373250388803, "21": 0.1027734577501296, "22": 0.08786936236391912, "23": 0.07063245204769311, "24": 0.05261793675479523, "25": 0.07218766200103681, "26": 0.06622602384655261, "27": 0.05922757905650596, "28": 0.04950751684810783, "29": 0.055469155002592016, "30": 0.06013478486262312, "31": 0.08709175738724728, "32": 0.0844997407983411, "33": 0.10225505443234836, "34": 0.08048211508553654, "35": 0.07711249351995852, "36": 0.07309486780715396, "37": 0.07270606531881804, "38": 0.061560393986521515, "39": 0.059745982374287195, "40": 0.05339554173146708, "41": 0.06091238983929497, "42": 0.0644116122343183, "43": 0.07089165370658372, "44": 0.06168999481596682, "45": 0.0660964230171073, "46": 0.05870917573872473, "47": 0.06635562467599793, "48": 0.059745982374287195, "49": 0.04860031104199067, "50": 0.05430274753758424}}