{"frac_infected": {"0": 0.06389320891653706, "1": 0.02851218247796786, "2": 0.01347848626231208, "3": 0.006868843960601348, "4": 0.003758424053913945, "5": 0.0024624157594608604, "6": 0.0010368066355624676, "7": 0.0005184033177812338, "8": 0.0005184033177812338, "9": 0.0002592016588906169, "10": 0.0002592016588906169, "11": 0.0, "12": 0.0, "13": 0.0, "14": 0.0, "15": 0.0, "16": 0.0, "17": 0.0, "18": 0.0, "19": 0.0, "20": 0.0}}