{"frac_infected": {"0": 0.04419388284085018, "1": 0.01918092275790565, "2": 0.009460860549507517, "3": 0.00505443234836703, "4": 0.002592016588906169, "5": 0.0012960082944530845, "6": 0.0007776049766718507, "7": 0.00012960082944530845, "8": 0.0, "9": 0.0, "10": 0.0, "11": 0.0, "12": 0.0, "13": 0.0, "14": 0.0, "15": 0.0, "16": 0.0, "17": 0.0, "18": 0.0, "19": 0.0, "20": 0.0}}