{"frac_infected": {"0": 0.02332814930015552, "1": 0.02008812856402281, "2": 0.02669777086573354, "3": 0.0475635044064282, "4": 0.04134266459305339, "5": 0.05028512182477968, "6": 0.06026438569206843, "7": 0.06531881804043546, "8": 0.06674442716433385, "9": 0.09681181959564542, "10": 0.08696215655780197, "11": 0.0966822187662001, "12": 0.08812856402280975, "13": 0.0872213582166926, "14": 0.055857957490927944, "15": 0.04652669777086573, "16": 0.03136340072576464, "17": 0.04834110938310005, "18": 0.0767236910316226, "19": 0.09240539139450492, "20": 0.08527734577501296}}