{"frac_infected": {"0": 0.1196215655780197, "1": 0.13543286677034733, "2": 0.11288232244686366, "3": 0.10730948678071539, "4": 0.09175738724727839, "5": 0.12182477967858994, "6": 0.12195438050803525, "7": 0.10406946604458268, "8": 0.08786936236391912, "9": 0.07776049766718507, "10": 0.08877656817003629, "11": 0.10523587350959046, "12": 0.10251425609123899, "13": 0.10057024364955935, "14": 0.09888543286677035, "15": 0.09733022291342665, "16": 0.09797822706065319, "17": 0.11560393986521514, "18": 0.11923276308968378, "19": 0.09733022291342665, "20": 0.07957490927941939, "21": 0.07711249351995852, "22": 0.09020217729393468, "23": 0.11560393986521514, "24": 0.11560393986521514, "25": 0.10705028512182478, "26": 0.11832555728356661, "27": 0.1364696734059098, "28": 0.13089683773976155, "29": 0.14035769828926906, "30": 0.131933644375324, "31": 0.13245204769310523, "32": 0.12337998963193364, "33": 0.10031104199066875, "34": 0.08255572835666149, "35": 0.08074131674442717, "36": 0.07270606531881804, "37": 0.07568688439606014, "38": 0.07698289269051321, "39": 0.08151892172109902, "40": 0.08644375324002074, "41": 0.09175738724727839, "42": 0.08462934162778642, "43": 0.09784862623120788, "44": 0.0844997407983411, "45": 0.07776049766718507, "46": 0.07996371176775531, "47": 0.07607568688439606, "48": 0.07231726283048212, "49": 0.0737428719543805, "50": 0.0842405391394505}}