{
	"frac_infected": {
		"0": 0.09992223950233281,
		"1": 0.05469155002592017,
		"2": 0.04250907205806117,
		"3": 0.06220839813374806,
		"4": 0.05391394504924832,
		"5": 0.07542768273716952,
		"6": 0.0734836702954899,
		"7": 0.08851736651114567,
		"8": 0.08553654743390357,
		"9": 0.07076205287713841,
		"10": 0.056246759979263865,
		"11": 0.04678589942975635,
		"12": 0.05015552099533437,
		"13": 0.048989113530326596,
		"14": 0.04315707620528771,
		"15": 0.04043545878693624,
		"16": 0.037195438050803525,
		"17": 0.047952306894764124,
		"18": 0.04924831518921721,
		"19": 0.056765163297045104,
		"20": 0.05184033177812338,
		"21": 0.05961638154484189,
		"22": 0.044582685329186106,
		"23": 0.05857957490927942,
		"24": 0.059875583203732506,
		"25": 0.07192846034214619,
		"26": 0.0644116122343183,
		"27": 0.060653188180404355,
		"28": 0.06648522550544324,
		"29": 0.07231726283048212,
		"30": 0.08385173665111456,
		"31": 0.06855883877656817,
		"32": 0.05482115085536547,
		"33": 0.06220839813374806,
		"34": 0.093701399688958,
		"35": 0.11391912908242613,
		"36": 0.09758942457231726,
		"37": 0.09836702954898911,
		"38": 0.0857957490927942,
		"39": 0.08255572835666149,
		"40": 0.04963711767755313,
		"41": 0.051451529289787454,
		"42": 0.0491187143597719,
		"43": 0.06804043545878694,
		"44": 0.05352514256091239,
		"45": 0.061949196474857436,
		"46": 0.05870917573872473,
		"47": 0.08670295489891135,
		"48": 0.0857957490927942,
		"49": 0.07089165370658372,
		"50": 0.08113011923276309,
		"51": 0.08566614826334888,
		"52": 0.08268532918610678,
		"53": 0.0552099533437014,
		"54": 0.037973043027475374,
		"55": 0.02928978745463971,
		"56": 0.029419388284085017,
		"57": 0.06713322965266978,
		"58": 0.06480041472265423,
		"59": 0.0645412130637636,
		"60": 0.07452047693105236,
		"61": 0.0874805598755832,
		"62": 0.07037325038880249,
		"63": 0.0581907724209435,
		"64": 0.08514774494556765,
		"65": 0.0859253499222395,
		"66": 0.06337480559875583,
		"67": 0.050673924313115605,
		"68": 0.03615863141524106,
		"69": 0.05559875583203733,
		"70": 0.08087091757387248,
		"71": 0.10368066355624676,
		"72": 0.07218766200103681,
		"73": 0.05093312597200622,
		"74": 0.05028512182477968,
		"75": 0.04121306376360809,
		"76": 0.06415241057542768,
		"77": 0.07879730430274753,
		"78": 0.0750388802488336,
		"79": 0.08320373250388803,
		"80": 0.08475894245723173,
		"81": 0.07218766200103681,
		"82": 0.04704510108864697,
		"83": 0.037973043027475374,
		"84": 0.03136340072576464,
		"85": 0.02864178330741317,
		"86": 0.033696215655780196,
		"87": 0.05404354587869362,
		"88": 0.06480041472265423,
		"89": 0.06648522550544324,
		"90": 0.06013478486262312,
		"91": 0.06026438569206843,
		"92": 0.05171073094867807,
		"93": 0.053265940902021774,
		"94": 0.044582685329186106,
		"95": 0.05054432348367029,
		"96": 0.04860031104199067,
		"97": 0.0460082944530845,
		"98": 0.04419388284085018,
		"99": 0.05274753758424054,
		"100": 0.07218766200103681
	}
}