{"frac_infected": {"0": 0.051062726801451526, "1": 0.05378434421980301, "2": 0.053265940902021774, "3": 0.05870917573872473, "4": 0.05482115085536547, "5": 0.057153965785381025, "6": 0.05443234836702955, "7": 0.052358735095904614, "8": 0.04173146708138932, "9": 0.037973043027475374, "10": 0.05909797822706065, "11": 0.08061171591498185, "12": 0.07607568688439606, "13": 0.06855883877656817, "14": 0.05702436495593572, "15": 0.052488335925349926, "16": 0.04678589942975635, "17": 0.08955417314670813, "18": 0.09110938310005184, "19": 0.10355106272680145, "20": 0.08255572835666149}}