{"frac_infected": {"0": 0.09992223950233281, "1": 0.05430274753758424, "2": 0.039009849663037846, "3": 0.03823224468636599, "4": 0.03823224468636599, "5": 0.03641783307413168, "6": 0.04134266459305339, "7": 0.05533955417314671, "8": 0.06544841886988077, "9": 0.06557801969932607, "10": 0.0874805598755832, "11": 0.07620528771384137, "12": 0.06817003628823225, "13": 0.06402280974598237, "14": 0.05767236910316226, "15": 0.061949196474857436, "16": 0.056765163297045104, "17": 0.05702436495593572, "18": 0.05767236910316226, "19": 0.056376360808709176, "20": 0.07270606531881804, "21": 0.06739243131156039, "22": 0.08916537065837221, "23": 0.07944530844997408, "24": 0.061430793157076204, "25": 0.0705028512182478, "26": 0.0675220321410057, "27": 0.0583203732503888, "28": 0.05132192846034215, "29": 0.06389320891653706, "30": 0.056376360808709176, "31": 0.08696215655780197, "32": 0.08735095904613789, "33": 0.08877656817003629, "34": 0.08061171591498185, "35": 0.09149818558838776, "36": 0.09266459305339554, "37": 0.09616381544841887, "38": 0.06298600311041991, "39": 0.052488335925349926, "40": 0.04121306376360809, "41": 0.05533955417314671, "42": 0.04561949196474858, "43": 0.06622602384655261, "44": 0.06544841886988077, "45": 0.060782789009849666, "46": 0.04665629860031104, "47": 0.047174701918092275, "48": 0.0428978745463971, "49": 0.050673924313115605, "50": 0.04950751684810783, "51": 0.058968377397615346, "52": 0.05274753758424054, "53": 0.0522291342664593, "54": 0.05028512182477968, "55": 0.0475635044064282, "56": 0.04872991187143598, "57": 0.08216692586832555, "58": 0.08372213582166926, "59": 0.09123898392949716, "60": 0.08955417314670813, "61": 0.10199585277345775, "62": 0.0949974079834111, "63": 0.08566614826334888, "64": 0.07037325038880249, "65": 0.0581907724209435, "66": 0.06842923794712286, "67": 0.07814930015552099, "68": 0.08786936236391912, "69": 0.09305339554173146, "70": 0.07037325038880249, "71": 0.05184033177812338, "72": 0.042379471228615864, "73": 0.04821150855365474, "74": 0.06052358735095904, "75": 0.07322446863659927, "76": 0.062337998963193364, "77": 0.0705028512182478, "78": 0.06842923794712286, "79": 0.05948678071539658, "80": 0.054173146708138935, "81": 0.050673924313115605, "82": 0.04380508035251426, "83": 0.0583203732503888, "84": 0.05404354587869362, "85": 0.06363400725764645, "86": 0.054561949196474856, "87": 0.08216692586832555, "88": 0.07905650596163816, "89": 0.08164852255054432, "90": 0.055469155002592016, "91": 0.06026438569206843, "92": 0.05702436495593572, "93": 0.06505961638154484, "94": 0.06402280974598237, "95": 0.0737428719543805, "96": 0.08799896319336444, "97": 0.08709175738724728, "98": 0.07737169517884915, "99": 0.06363400725764645, "100": 0.060653188180404355}}