{"frac_infected": {"0": 0.09992223950233281, "1": 0.05844997407983411, "2": 0.043675479523068945, "3": 0.05132192846034215, "4": 0.04561949196474858, "5": 0.051969932607568686, "6": 0.06791083462934162, "7": 0.10069984447900467, "8": 0.0797045101088647, "9": 0.07607568688439606, "10": 0.06674442716433385, "11": 0.05533955417314671, "12": 0.04484188698807672, "13": 0.04691550025920166, "14": 0.0644116122343183, "15": 0.10238465526179368, "16": 0.08786936236391912, "17": 0.07387247278382582, "18": 0.06168999481596682, "19": 0.06091238983929497, "20": 0.05093312597200622, "21": 0.065966822187662, "22": 0.06181959564541213, "23": 0.06920684292379471, "24": 0.0705028512182478, "25": 0.05780196993260757, "26": 0.06544841886988077, "27": 0.07141005702436495, "28": 0.06700362882322447, "29": 0.0581907724209435, "30": 0.04121306376360809, "31": 0.03395541731467081, "32": 0.061430793157076204, "33": 0.08009331259720062, "34": 0.05780196993260757, "35": 0.06363400725764645, "36": 0.05533955417314671, "37": 0.04834110938310005, "38": 0.037065837221358214, "39": 0.03421461897356143, "40": 0.03952825298081908, "41": 0.043286677034733025, "42": 0.04121306376360809, "43": 0.046267496111975115, "44": 0.06817003628823225, "45": 0.05443234836702955, "46": 0.04743390357698289, "47": 0.0475635044064282, "48": 0.056246759979263865, "49": 0.06791083462934162, "50": 0.06648522550544324, "51": 0.06013478486262312, "52": 0.07439087610160705, "53": 0.09123898392949716, "54": 0.05948678071539658, "55": 0.057931570762052874, "56": 0.05572835666148263, "57": 0.05948678071539658, "58": 0.04613789528252981, "59": 0.041083462934162776, "60": 0.045878693623639194, "61": 0.07659409020217729, "62": 0.08916537065837221, "63": 0.09771902540176257, "64": 0.09460860549507517, "65": 0.09681181959564542, "66": 0.092016588906169, "67": 0.09434940383618455, "68": 0.09162778641783308, "69": 0.09396060134784863, "70": 0.08773976153447383, "71": 0.10160705028512182, "72": 0.08164852255054432, "73": 0.08229652669777086, "74": 0.05430274753758424, "75": 0.049896319336443756, "76": 0.05741316744427164, "77": 0.05533955417314671, "78": 0.04574909279419388, "79": 0.04704510108864697, "80": 0.061560393986521515, "81": 0.0750388802488336, "82": 0.07076205287713841, "83": 0.09266459305339554, "84": 0.09110938310005184, "85": 0.07542768273716952, "86": 0.05015552099533437, "87": 0.05287713841368585, "88": 0.056765163297045104, "89": 0.0736132711249352, "90": 0.05857957490927942, "91": 0.053265940902021774, "92": 0.04691550025920166, "93": 0.0428978745463971, "94": 0.04860031104199067, "95": 0.08657335406946605, "96": 0.08527734577501296, "97": 0.06881804043545879, "98": 0.0613011923276309, "99": 0.05922757905650596, "100": 0.059745982374287195}}