{"frac_infected": {"0": 0.09992223950233281, "1": 0.0859253499222395, "2": 0.06700362882322447, "3": 0.08268532918610678, "4": 0.08307413167444272, "5": 0.09072058061171591, "6": 0.08061171591498185, "7": 0.08527734577501296, "8": 0.0767236910316226, "9": 0.05909797822706065, "10": 0.07153965785381027, "11": 0.08138932089165371, "12": 0.08307413167444272, "13": 0.0981078278900985, "14": 0.09784862623120788, "15": 0.08022291342664593, "16": 0.06518921721099015, "17": 0.05339554173146708, "18": 0.047952306894764124, "19": 0.051969932607568686, "20": 0.04847071021254536, "21": 0.056765163297045104, "22": 0.051969932607568686, "23": 0.050673924313115605, "24": 0.047174701918092275, "25": 0.08514774494556765, "26": 0.08022291342664593, "27": 0.0752980819077242, "28": 0.0690772420943494, "29": 0.07076205287713841, "30": 0.08294453084499741, "31": 0.06648522550544324, "32": 0.06363400725764645, "33": 0.08553654743390357, "34": 0.07698289269051321, "35": 0.07594608605495075, "36": 0.05559875583203733, "37": 0.08968377397615344, "38": 0.08994297563504407, "39": 0.10186625194401244, "40": 0.08981337480559876, "41": 0.06324520476931052, "42": 0.043286677034733025, "43": 0.07737169517884915, "44": 0.0644116122343183, "45": 0.05728356661482634, "46": 0.05909797822706065, "47": 0.06415241057542768, "48": 0.05961638154484189, "49": 0.05352514256091239, "50": 0.05015552099533437, "51": 0.06402280974598237, "52": 0.07192846034214619, "53": 0.05300673924313116, "54": 0.04834110938310005, "55": 0.051062726801451526, "56": 0.05598755832037325, "57": 0.05598755832037325, "58": 0.0752980819077242, "59": 0.08877656817003629, "60": 0.0658372213582167, "61": 0.05184033177812338, "62": 0.04937791601866252, "63": 0.05482115085536547, "64": 0.050673924313115605, "65": 0.05404354587869362, "66": 0.04121306376360809, "67": 0.04730430274753759, "68": 0.055857957490927944, "69": 0.07141005702436495, "70": 0.08009331259720062, "71": 0.08851736651114567, "72": 0.07063245204769311, "73": 0.0690772420943494, "74": 0.04704510108864697, "75": 0.05352514256091239, "76": 0.08229652669777086, "77": 0.08735095904613789, "78": 0.06298600311041991, "79": 0.0628564022809746, "80": 0.06505961638154484, "81": 0.05443234836702955, "82": 0.04782270606531882, "83": 0.05339554173146708, "84": 0.04704510108864697, "85": 0.05339554173146708, "86": 0.04730430274753759, "87": 0.04860031104199067, "88": 0.08164852255054432, "89": 0.10044064282011404, "90": 0.09318299637117677, "91": 0.07426127527216174, "92": 0.064282011404873, "93": 0.06350440642820114, "94": 0.05948678071539658, "95": 0.05508035251425609, "96": 0.05469155002592017, "97": 0.06298600311041991, "98": 0.055469155002592016, "99": 0.0705028512182478, "100": 0.07115085536547434}}